,报告日,营业总收入,营业收入,利息收入,已赚保费,手续费及佣金收入,房地产销售收入,其他业务收入,营业总成本,营业成本,手续费及佣金支出,房地产销售成本,退保金,赔付支出净额,提取保险合同准备金净额,保单红利支出,分保费用,其他业务成本,营业税金及附加,研发费用,销售费用,管理费用,财务费用,利息费用,利息支出,投资收益,对联营企业和合营企业的投资收益,以摊余成本计量的金融资产终止确认产生的收益,汇兑收益,净敞口套期收益,公允价值变动收益,期货损益,托管收益,补贴收入,其他收益,资产减值损失,信用减值损失,其他业务利润,资产处置收益,营业利润,营业外收入,非流动资产处置利得,营业外支出,非流动资产处置损失,利润总额,所得税费用,未确认投资损失,净利润,持续经营净利润,终止经营净利润,归属于母公司所有者的净利润,被合并方在合并前实现净利润,少数股东损益,其他综合收益,归属于母公司所有者的其他综合收益,（一）以后不能重分类进损益的其他综合收益,重新计量设定受益计划变动额,权益法下不能转损益的其他综合收益,其他权益工具投资公允价值变动,企业自身信用风险公允价值变动,（二）以后将重分类进损益的其他综合收益,权益法下可转损益的其他综合收益,可供出售金融资产公允价值变动损益,其他债权投资公允价值变动,金融资产重分类计入其他综合收益的金额,其他债权投资信用减值准备,持有至到期投资重分类为可供出售金融资产损益,现金流量套期储备,现金流量套期损益的有效部分,外币财务报表折算差额,其他,归属于少数股东的其他综合收益,综合收益总额,归属于母公司所有者的综合收益总额,归属于少数股东的综合收益总额,基本每股收益,稀释每股收益,数据源,是否审计,公告日期,币种,类型,更新日期
0,20250331,51443450583.77,50600957885.78,842492697.99,,,,,14433297495.64,4061430550.43,19149.94,,,,,,,,7164819273.48,26350331.91,1495322480.9,1919959143.43,-282549536.99,2430564.85,47946102.54,265351.99,,,,,652973.61,,,,17785942.53,,,,491793.53,37036598228.0,16421712.88,,21566291.09,,37031453649.79,9256817638.18,,27774636011.61,27774636011.61,,26847474238.76,,927161772.85,3280481.68,3280481.68,,,,,,3280481.68,,,,,,,,,3280481.68,,,27777916493.29,26850754720.44,927161772.85,21.38,21.38,定期报告,未审计,20250430,CNY,合并期末,2025-04-29T17:54:07
1,20241231,174144069958.24997,170899152276.34,3244917681.91,,,,,54523971452.57,13789482367.98,94078.17,,,,,,,,26926161474.99,218375472.87,5639300059.49,9315650060.38,-1470219863.34,14474584.09,105127802.03,9130340.37,,,,,60980724.35,,,,21229466.81,,,,388852.05,119688579453.23,70936575.97,,120937834.74,,119638578194.46,30303850168.56,,89334728025.9,89334728025.9,,86228146421.62,,3106581604.28,-3854497.18,-3854497.18,,,,,,-3854497.18,,,,,,,,,-3854497.18,,,89330873528.72,86224291924.44,3106581604.28,68.64,68.64,定期报告,是,20250403,CNY,合并期末,2025-04-02T21:17:04
2,20240930,123122542625.45,120776131874.69,2346410750.76,,,,,39182396617.66,10228077394.34,212030.22,,,,,,,,19911791735.67,140401034.71,4235182341.09,5767525028.76,-1172804656.48,7226289.08,72011709.35,8019358.73,,,,,40768101.0,,,,18147885.59,,,,-7558.82,83996733560.98,54052930.61,,1902888.56,,84048883603.03,21017421363.48,,63031462239.55,63031462239.55,,60827552118.51,,2203910121.04,-305452.86,-305452.86,,,,,,-305452.86,,,,,,,,,-305452.86,,,63031156786.69,60827246665.65,2203910121.04,48.42,48.42,定期报告,未审计,20241026,CNY,合并期末,2024-10-25T18:07:08
3,20240630,83451164646.53,81930977667.75,1520186978.78,,,,,25936116155.36,6750879251.19,200913.8,,,,,,,,13493473033.78,92416649.15,2617482932.18,3836028544.08,-894961239.26,5748136.6,40596070.44,2288120.31,,,,,35533843.83,,,,16080612.71,,,,67280.68,57550951619.01,27617288.18,,287253.75,,57578281653.44,14401367308.32,,43176914345.12,43176914345.12,,41695610983.37,,1481303361.75,-2210717.86,-2210717.86,,,,,,-2210717.86,,,,,,,,,-2210717.86,,,43174703627.26,41693400265.51,1481303361.75,33.19,33.19,定期报告,未审计,20240809,CNY,合并期末,2024-08-08T19:32:02
4,20240331,46484738134.23,45775517043.29,709221090.94,,,,,13344131153.66,3381292339.02,17623.14,,,,,,,,7198747241.22,28165665.55,1140575656.66,2062253342.52,-486783948.02,2468225.23,19863233.57,1283616.07,,,,,13714077.55,,,,14273862.71,,,,8037.21,33157339181.96,16401791.11,,55833.06,,33173685140.01,8291337813.27,,24882347326.74,24882347326.74,,24065262374.15,,817084952.59,-2048071.03,-2048071.03,,,,,,-2048071.03,,,,,,,,,-2048071.03,,,24880299255.71,24063214303.12,817084952.59,19.16,19.16,定期报告,未审计,20250430,CNY,合并期末,2024-04-26T20:47:04
5,20231231,150560330316.44998,147693604994.14,2866725322.31,,,,,46960889468.54,11867273851.78,68578.57,,,,,,,,22234175898.6,157371873.01,4648613585.82,9729389252.31,-1789503701.48,12624628.35,113500129.93,34025967.82,,,,,3151962.5,,,,34644873.86,,,,-479736.97,103708655208.38,86779655.95,,132881174.52,,103662553689.81,26141077412.01,,77521476277.8,77521476277.8,,74734071550.75,,2787404727.05,4715179.82,4715179.82,,,,,,4715179.82,,,,,,,,,4715179.82,,,77526191457.62,74738786730.57,2787404727.05,59.49,59.49,定期报告,是,20250403,CNY,合并期末,2024-04-02T22:17:03
6,20230930,105315900448.1,103268354688.44,2047545759.66,,,,,32235692213.48,8563558153.38,161542.35,,,,,,,,16029487114.77,101126024.63,3062692687.17,5733477491.0,-1332267887.99,9710423.34,77457088.17,6080875.75,,,,,9435832.66,,,,33936871.22,,,,-2633737.09,73171463156.46,70894268.8,,15671830.68,,73226685594.58,18399514222.61,,54827171371.97,54827171371.97,,52876217064.12,,1950954307.85,1707739.52,1707739.52,,,,,,1707739.52,,,,,,,,,1707739.52,,,54828879111.49,52877924803.64,1950954307.85,42.09,42.09,定期报告,未审计,20241026,CNY,合并期末,2023-10-20T19:22:02
7,20230630,70987206095.38,69576019445.77,1411186649.61,,,,,21179301470.55,5706568368.85,148486.95,,,,,,,,10600740606.94,72770682.08,1786303323.18,3830384740.24,-871240079.13,6261816.21,53625341.44,4078666.67,,,,,-79760.73,,,,28827865.57,,,,-3277531.44,49891753180.54,46397097.35,,14166793.71,,49923983484.18,12592012294.9,,37331971189.28,37331971189.28,,35980415090.77,,1351556098.51,4998834.62,4998834.62,,,,,,4998834.62,,,,,,,,,4998834.62,,,37336970023.9,35985413925.39,1351556098.51,28.64,28.64,定期报告,未审计,20240809,CNY,合并期末,2023-08-02T19:17:04
8,20230331,39379301807.75,38755812096.89,623489710.86,,,,,10715598396.54,2869644707.84,243203.14,,,,,,,,5460376291.15,22956214.08,756507749.16,2012191904.39,-420323994.04,3298202.04,14002320.82,4078666.67,,,,,,,,,20911440.8,,,,,28685886991.92,14364314.22,,107411.52,,28700143894.62,7175418264.46,,21524725630.16,21524725630.16,,20794882754.55,,729842875.61,3008282.06,3008282.06,,,,,,3008282.06,,,,,,,,,3008282.06,,,21527733912.22,20797891036.61,729842875.61,16.55,16.55,定期报告,未审计,20240427,CNY,合并期末,2023-04-25T19:47:05
9,20221231,127553959355.97,124099843771.99,3454115583.98,,,,,39748309616.85,10093468616.63,143141.51,,,,,,,,18495818534.22,135185680.4,3297724190.94,9012191073.63,-1391805826.72,12023204.77,105584206.24,63840000.0,,,,,,,,,24505353.83,,,,213235.69,87879521782.39,70852285.4,,248884319.61,,87701489748.18,22325449790.3,,65376039957.88,65376039957.88,,62717467870.12,,2658572087.76,2240973.45,2240973.45,,,,,,2240973.45,,,,,,,,,2240973.45,,,65378280931.33,62719708843.57,2658572087.76,49.93,49.93,定期报告,是,20240403,CNY,合并期末,2023-03-30T21:17:04
10,20220930,89785880318.36,87160232759.05,2625647559.31,,,,,27890886105.75,7082313332.56,608282.5,,,,,,,,13640802119.22,114934513.17,2405739943.45,5568895544.01,-1005471184.64,8720410.22,83063555.48,47880000.0,,,,,,,,,17365776.18,,,,447236.55,61961547199.61,49078522.18,,94204568.85,,61916421152.94,15602427379.53,,46313993773.41,46313993773.41,,44399815583.54,,1914178189.87,-2322075.44,-2322075.44,,,,,,-2322075.44,,,,,,,,,-2322075.44,,,46311671697.97,44397493508.1,1914178189.87,35.34,35.34,定期报告,未审计,20231021,CNY,合并期末,2022-10-16T15:57:03
11,20220630,59443518511.24,57616866647.29,1826651863.95,,,,,17854026826.97,4546487846.1,395810.38,,,,,,,,8712140504.06,60119906.58,1507140603.86,3632969021.8,-667791757.03,5416643.34,62564891.22,31920000.0,,,,,,,,,14053375.82,,,,343183.91,41634786520.42,35851301.12,,30717366.11,,41639920455.43,10534556382.77,,31105364072.66,31105364072.66,,29793908077.83,,1311455994.83,-2128422.08,-2128422.08,,,,,,-2128422.08,,,,,,,,,-2128422.08,,,31103235650.58,29791779655.75,1311455994.83,23.72,23.72,定期报告,未审计,20230803,CNY,合并期末,2022-08-02T20:07:02
12,20220331,33187160227.05,32295763804.41,891396422.64,,,,,9185979868.46,2464917267.76,207776.85,,,,,,,,4337126062.79,19541510.23,530953738.61,2133082794.34,-334383978.12,,34534696.0,15960000.0,,,,,,,,,10884602.29,,,,,24026868197.61,13037802.3,,28787943.22,,24011118056.69,6059001910.9,,17952116145.8,17952116145.8,,17244968587.32,,707147558.48,-1346401.36,-1346401.36,,,,,,-1346401.36,,,,,,,,,-1346401.36,,,17950769744.44,17243622185.96,707147558.48,13.73,13.73,定期报告,未审计,20230426,CNY,合并期末,2022-04-26T21:02:06
13,20211231,109464278563.89,106190154843.76,3274123720.13,,,,,34776902467.47,8983377809.96,115082.12,,,,,,,,15304469070.03,61923213.59,2737369434.78,8450274065.03,-934523406.02,13529867.76,173897197.98,58255937.39,,,,,-2244726.29,,,,20515911.19,,,,,74750880777.52,68989219.74,,291838102.5,,74528031894.76,18807501938.3,,55720529956.46,55720529956.46,,52460144378.16,,3260385578.3,-7686513.03,-7686513.03,,,,,,-7686513.03,,,,,,,,,-7686513.03,,,55712843443.43,52452457865.13,3260385578.3,41.76,41.76,定期报告,是,20230331,CNY,合并期末,2022-03-31T01:07:04
14,20210930,77053154965.96,74642203802.55,2410951163.41,,,,,24071862683.13,6574930241.8,532815.58,,,,,,,,10605968511.88,42104922.09,1923137927.78,5414713232.13,-613412185.94,13266678.28,123887217.81,43801333.33,,,,,-2244726.29,,,,11631527.75,,,,,53022962436.42,5033924.5,,171902439.68,,52856093921.24,13281132730.13,,39574961191.11,39574961191.11,,37266174159.97,,2308787031.14,-4684099.66,-4684099.66,,,,,,-4684099.66,,,,,,,,,-4684099.66,,,39570277091.45,37261490060.31,2308787031.14,29.67,29.67,定期报告,未审计,20221017,CNY,合并期末,2022-10-16T15:57:03
15,20210630,50721582926.18,49087277796.01,1634305130.17,,,,,15697772696.03,4232098308.34,359392.79,,,,,,,,6955342575.05,23093822.44,1290651656.73,3487193656.59,-366127499.92,12835235.42,75160784.01,27841333.33,,,,,-2244726.29,,,,9230314.89,,,,,35071768181.08,2719688.21,,23487697.25,,35051000172.04,8844316315.89,,26206683856.15,26206683856.15,,24653985551.58,,1552698304.57,-3126281.47,-3126281.47,,,,,,-3126281.47,,,,,,,,,-3126281.47,,,26203557574.68,24650859270.11,1552698304.57,19.63,19.63,定期报告,未审计,20220803,CNY,合并期末,2022-08-02T20:07:02
16,20210331,28064735731.77,27270884813.14,793850918.63,,,,,8355908409.03,2269951051.23,197029.09,,,,,,,,3827695095.72,11426605.78,567069564.77,1780457948.16,-136091144.09,,35202258.37,,,,,,-2213879.07,,,,7184761.22,,,,,19714061303.51,866380.31,,20051354.48,,19694876329.34,4922846293.72,,14772030035.62,14772030035.62,,13954462085.61,,817567950.01,-2945371.32,-2945371.32,,,,,,-2945371.32,,,,,,,,,-2945371.32,,,14769084664.3,13951516714.29,817567950.01,11.11,11.11,定期报告,未审计,20220427,CNY,合并期末,2021-04-27T19:27:03
17,20201231,97993240501.21,94915380916.72,3077859584.49,,,,,31305130587.56,8154001476.28,105888.96,,,,,,,,13886517290.78,50398036.33,2547745650.95,6789844289.39,-234610582.44,,111128537.31,305631.46,,,,,4897994.43,,,,13138152.69,,,,,66635079882.38,11051136.15,,449189027.42,,66196941991.11,16673612108.71,,49523329882.4,49523329882.4,,46697285429.81,,2826044452.59,1867354.04,1867354.04,,,,,,1867354.04,,,,,,,,,1867354.04,,,49525197236.44,46699152783.85,2826044452.59,37.17,37.17,定期报告,是,20220331,CNY,合并期末,2022-03-31T01:07:04
18,20200930,69574876860.53,67214944638.48,2359932222.05,,,,,21532733158.31,5830896325.15,473499.03,,,,,,,,9414358381.08,37894874.96,1775856610.73,4549515642.78,-155303715.07,,79041539.65,68175.91,,,,,6317689.14,,,,12515664.43,,,,,47985820569.68,7360183.46,,114491237.91,,47878689515.23,12028016173.07,,35850673342.16,35850673342.16,,33827103961.22,,2023569380.94,1571160.63,1571160.63,,,,,,1571160.63,,,,,,,,,1571160.63,,,35852244502.79,33828675121.85,2023569380.94,26.93,26.93,定期报告,未审计,20211023,CNY,合并期末,2020-10-25T14:17:03
19,20200630,45634371275.58,43952804663.5,1681566612.08,,,,,13495852844.81,3752326517.73,327091.95,,,,,,,,5603519809.68,23591481.34,1163333510.55,2972613711.83,-72845014.14,,52985735.87,,,,,,7317117.83,,,,11546852.94,,,,,32080914607.01,2620815.86,,105050966.06,,31978484456.81,8050937980.58,,23927546476.23,23927546476.23,,22601655085.51,,1325891390.72,1296504.33,1296504.33,,,,,,1296504.33,,,,,,,,,1296504.33,,,23928842980.56,22602951589.84,1325891390.72,17.99,17.99,定期报告,未审计,20210731,CNY,合并期末,2020-07-28T17:52:03
20,20200331,25298492025.94,24405394535.33,893097490.61,,,,,6737757560.91,2032443452.95,150922.74,,,,,,,,2447742851.57,10349599.63,661305550.73,1559853186.0,-5135087.0,,31047084.29,,,,,,-2776722.28,,,,2843219.73,,,,,18560620625.58,1008825.8,,80127555.48,,18481501895.9,4618648408.66,,13862853487.24,13862853487.24,,13093770211.16,,769083276.08,-56259.53,-56259.53,,,,,,-56259.53,,,,,,,,,-56259.53,,,13862797227.71,13093713951.63,769083276.08,10.42,10.42,定期报告,未审计,20210428,CNY,合并期末,2020-04-27T23:17:03
21,20191231,88854337488.76,85429573467.25,3424471568.68,,292452.83,,,29812253033.37,7430013945.12,73178.4,,,,,,,,12733292400.79,48688841.05,3278990982.26,6167982844.22,7458015.66,,145752825.87,,,,,,-14018472.46,,,,18768906.58,,,,-32123.57,59041489276.14,9454451.03,,268391929.45,,58782551797.72,14812551005.21,,43970000792.51,43970000792.51,,41206471014.43,,2763529778.08,-132996.09,-132996.09,,,,,,-132996.09,,,,,,,,,-132996.09,,,43969867796.42,41206338018.34,2763529778.08,32.8,32.8,定期报告,是,20210331,CNY,合并期末,2020-04-21T20:22:03
22,20190930,63508663046.7,60934658070.86,2573995541.88,,9433.96,,,20079873444.73,5185881319.33,445824.92,,,,,,,,7947164744.4,65151161.31,2613988343.92,4139407936.02,-541979.58,,128376094.41,,,,,,-109006376.51,,,,,,,,-32123.57,43312307349.4,8892639.68,,115286844.41,,43205913144.67,10793609808.71,,32412303335.96,32412303335.96,,30454855385.44,,1957447950.52,-650628.86,-650628.86,,,,,,-650628.86,,,,,,,,,-650628.86,,,32411652707.1,30454204756.58,1957447950.52,24.24,24.24,定期报告,未审计,20201026,CNY,合并期末,2020-03-13T16:00:40
23,20190630,41172681309.94,39487788339.74,1684883536.24,,9433.96,,,12768899979.57,3211620131.28,269060.71,,,,,,,,4739163706.61,52596141.25,1986959217.73,2715858665.11,-1912781.6,,64345838.48,,,,,,5910002.85,,,,,,,,,28397996330.73,7269391.57,,115134397.98,,28290131324.32,7093603774.21,,21196527550.11,21196527550.11,,19951025609.22,,1245501940.89,-143827.98,-143827.98,,,,,,-143827.98,,,,,,,,,-143827.98,,,21196383722.13,19950881781.24,1245501940.89,15.88,15.88,定期报告,未审计,20200729,CNY,合并期末,2020-03-13T16:00:40
24,20190331,22480525254.69,21644002712.86,836522541.83,,,,,6484313671.03,1707440713.18,145194.58,,,,,,,,2407159931.97,8904052.87,871503082.76,1456803021.01,-337499.25,,32695173.91,,,,,,,,,,,,-10693.32,,,15996222276.98,2463464.43,,110001572.42,,15888684168.99,3972963057.65,,11915721111.34,11915721111.34,,11221431345.08,,694289766.26,-2147635.1,-2147635.1,,,,,,-2147635.1,,,,,,,,,-2147635.1,,,11913573476.24,11219283709.98,694289766.26,8.93,8.93,定期报告,未审计,20200428,CNY,合并期末,2020-03-13T16:00:40
25,20181231,77199384110.22,73638872388.03,3559634363.7,,877358.49,,,25864740879.03,6522921833.77,124387.35,,,,,,,,11288926846.97,21953605.93,2572076872.16,5325940762.24,-3521209.23,,136317779.84,,,,,,,,,,9634135.0,1289685.01,,,,51342987681.18,11619526.11,,527003759.82,,50827603447.47,12997985690.66,,37829617756.81,37829617756.81,,35203625263.22,,2625992493.59,335850.7,335850.7,,,,,,335850.7,,,,,,,,,335850.7,,,37829953607.51,35203961113.92,2625992493.59,28.02,28.02,定期报告,是,20200422,CNY,合并期末,2020-03-13T16:00:40
26,20180930,54969266451.42,52241669986.01,2727596465.41,,,,,19130125960.59,4637055449.21,312354.23,,,,,,,,7855685465.07,15202509.86,2845576568.3,3684290694.19,-4384064.29,,96386984.02,,,,,,,,,,,1221263.23,,,,35837919227.6,10719272.19,,271320093.52,,35577318406.27,9005963447.6,,26571354958.67,26571354958.67,,24733552720.33,,1837802238.34,1472775.26,1472775.26,,,,,,1472775.26,,,,,,,,,1472775.26,,,26572827733.93,24735025495.59,1837802238.34,19.69,19.69,定期报告,未审计,20191016,CNY,合并期末,2020-03-13T16:00:40
27,20180630,35251464783.33,33396709893.11,1854754890.22,,,,,12370347699.6,3025025121.38,176326.55,,,,,,,,4639999858.67,7268893.99,2199587993.36,2453146603.41,-4224584.95,,49367487.19,,,,,,,,,,,1221263.23,,,,22879895820.5,6714437.7,,166643463.82,,22719966794.38,5798614348.8,,16921352445.58,16921352445.58,,15764185782.66,,1157166662.92,-1112190.02,-1112190.02,,,,,,-1112190.02,,,,,,,,,-1112190.02,,,16920240255.56,15763073592.64,1157166662.92,12.55,12.55,定期报告,未审计,20190718,CNY,合并期末,2020-03-13T16:00:40
28,20180331,18395256845.96,17466166384.96,929090461.0,,,,,6217578453.0,1518592897.51,84764.75,,,,,,,,2525570612.47,2713198.11,945090499.2,1201491575.54,-3460582.58,,25215075.52,,,,,,,,,,,2280412.48,,,,12177678392.96,2230584.69,,7376224.07,,12172532753.58,3041997000.28,,9130535753.3,9130535753.3,,8506906678.2,,623629075.1,-482072.99,-482072.99,,,,,,-482072.99,,,,,,,,,-482072.99,,,9130053680.31,8506424605.21,623629075.1,6.77,6.77,定期报告,未审计,20190425,CNY,合并期末,2020-03-13T16:00:40
29,20171231,61062756866.16,58217861314.17,2844310646.33,,584905.66,,,22122749332.71,5940436371.97,75378.0,,,,,,,,8404214470.69,18747252.83,2986068544.99,4701795567.31,-55722346.19,880974.99,135187797.06,,,,,,,,,,,-8053703.95,,,,38940007533.45,12201990.51,,212137381.36,,38740072142.6,9733648906.6,,29006423236.0,29006423236.0,,27079360255.74,,1927062980.26,3839265.16,3839265.16,,,,,,3839265.16,,,,,,,,,3839265.16,,,29010262501.16,27083199520.9,1927062980.26,21.56,21.56,定期报告,是,20190329,CNY,合并期末,2020-03-13T16:00:40
30,20170930,44487374571.44,42450467500.01,2036322165.77,,584905.66,,,15850431186.09,4273438303.5,205913.47,,,,,,,,6423976199.89,11266253.85,1977910933.9,3103772692.91,-39273204.75,880974.99,107339266.35,,,,,,,,,,,-8205173.03,,,,28636943385.35,9775757.86,,153881485.17,2096268.03,28492837658.04,7131368591.23,,21361469066.81,21361469066.81,,19983846984.1,,1377622082.71,4011233.4,4011233.4,,,,,,4011233.4,,,,,,,,,4011233.4,,,21365480300.21,19987858217.5,1377622082.71,15.91,15.91,定期报告,未审计,20181029,CNY,合并期末,2020-03-13T16:00:40
31,20170630,25493896745.03,24190030218.96,1303413695.88,,452830.19,,,9370126828.76,2511228414.91,116421.02,,,,,,,,3419416545.5,,1378870495.32,2032246237.88,-37505205.88,,68959093.04,,,,,,,,,,,-3205173.03,,,,16123769916.27,5597183.83,,45837582.1,115399.49,16083529518.0,4039090821.97,,12044438696.03,12044438696.03,,11250860929.71,,793577766.32,3447000.51,3447000.51,,,,,,3447000.51,,,,,,,,,3447000.51,,,12047885696.54,11254307930.22,793577766.32,8.96,8.96,定期报告,未审计,20180802,CNY,合并期末,2020-03-13T16:00:40
32,20170331,13913411369.3,13308639084.87,604319454.24,,452830.19,,,5123258606.74,1176997676.07,52182.76,,,,,,,,1973301671.93,,852434090.09,1122230514.33,-29494286.28,,33093150.24,,,,,,,,,,,-5356392.4,,,,8790152762.56,1770099.69,,36882434.3,69414.6,8755040427.95,2210206968.88,,6544833459.07,6544833459.07,,6123119324.13,,421714134.94,511001.79,511001.79,,,,,,511001.79,,,,,,,,,511001.79,,,6545344460.86,6123630325.92,421714134.94,4.87,4.87,定期报告,未审计,20180428,CNY,合并期末,2020-03-13T16:00:40
33,20161231,40155084412.93,38862189993.84,1292722909.66,,171509.43,,,15889459243.51,3410104085.97,73593.72,,,,,,,,6508926343.26,,1681052022.9,4187189840.42,-33175188.52,,122961049.54,,,,,,,,,,,12327496.22,,,,24265625169.42,8553926.06,91101.94,316298138.37,1960971.07,23957880957.11,6027237847.23,,17930643109.88,17930643109.88,,16718362734.16,,1212280375.72,1793233.91,1793233.91,,,,,,1793233.91,,,,,,,,,1793233.91,,,17932436343.79,16720155968.07,1212280375.72,13.31,13.31,定期报告,是,20180328,CNY,合并期末,2020-03-13T16:00:40
34,20160930,27532735151.02,26631884032.43,900679609.16,,171509.43,,,9383156947.59,2225398682.82,115393.23,,,,,,,,3623883800.05,,655110282.33,2786104248.79,-1302024.0,,88355504.29,,,,,,,,,,,5491060.08,,,,18149578203.43,8262314.45,77018.57,119855695.88,50154.5,18037984822.0,4707793040.11,,13330191781.89,,,12465577764.14,,864614017.75,3205168.24,3205168.24,,,,,,3205168.24,,,,,,,,,3205168.24,,,13333396950.13,12468782932.38,864614017.75,9.92,9.92,定期报告,未审计,20171026,CNY,合并期末,2020-03-13T16:00:40
35,20160630,18737617091.82,18173234673.44,564210908.95,,171509.43,,,5977493622.96,1475407709.24,70815.83,,,,,,,,2205658604.87,,387421652.45,1859591870.32,-12226120.6,,56032755.92,,,,,,,,,,,5536334.93,,,,12760123468.86,5374865.27,75878.36,213054.89,32754.9,12765285279.24,3388082316.09,,9377202963.15,,,8802637138.02,,574565825.13,2292209.29,2292209.29,,,,,,2292209.29,,,,,,,,,2292209.29,,,9379495172.44,8804929347.31,574565825.13,7.01,7.01,定期报告,未审计,20170728,CNY,合并期末,2020-03-13T16:00:40
36,20160331,10250867583.69,9988753730.97,262083852.72,,30000.0,,,3048304476.48,765002011.77,35523.63,,,,,,,,1180622899.52,,170385412.55,905013030.88,-3031403.42,,27297384.59,,,,,,,,,,,2979616.96,,,,7202563107.21,4199647.61,117322.0,27219.7,26600.0,7206735535.12,1994656882.64,,5212078652.48,,,4889271595.32,,322807057.16,3517202.39,3517202.39,,,,,,3517202.39,,,,,,,,,3517202.39,,,5215595854.87,4892788797.71,322807057.16,3.89,3.89,定期报告,未审计,20170425,CNY,合并期末,2020-03-13T16:00:40
37,20151231,33446859045.58,32659583725.28,786545320.3,,730000.0,,,11291736359.61,2538337449.06,62172.83,,,,,,,,3449170637.4,,1484961519.21,3812852076.19,-67266800.97,,74159619.28,3869276.9,,,,,,,,,,-540313.39,,,,22158991962.87,4823183.32,205859.28,162100184.85,188439.42,22001714961.34,5546718336.12,,16454996625.22,,,15503090276.38,,951906348.84,-12415031.48,-12415031.48,,,,,,-12415031.48,,,,,,,,,-12415031.48,,,16442581593.74,15490675244.9,951906348.84,12.34,12.34,定期报告,是,20170415,CNY,合并期末,2020-03-13T16:00:40
38,20150930,23734319250.48,23148688960.89,585200289.59,,430000.0,,,7443208922.79,1747047687.23,75171.16,,,,,,,,2171605445.23,,935401479.03,2592580782.23,-52132054.3,,48479878.93,3868919.86,,,,,,,,,,150533.28,,,,16294979247.55,1151762.29,1566.32,133901458.09,38842.93,16162229551.75,4035440224.88,,12126789326.87,,,11424637743.71,,702151583.16,-11853282.28,-11853282.28,,,,,,-11853282.28,,,,,,,,,-11853282.28,,,12114936044.59,11412784461.43,702151583.16,9.09,9.09,定期报告,未审计,20161029,CNY,合并期末,2020-03-13T16:00:40
39,20150630,16185651569.47,15778647465.95,406854103.52,,150000.0,,,5037379854.43,1165878006.33,44740.32,,,,,,,,1443140055.82,,592014002.75,1827131652.26,-18995600.11,,27762623.78,3342169.86,,,,,,,,,,404373.28,,,,11151613884.9,712903.58,286.32,2893260.58,38842.93,11149433527.9,2784913019.29,,8364520508.61,,,7888232276.17,,476288232.44,-14289160.19,-14289160.19,,,,,,-14289160.19,,,,,,,,,-14289160.19,,,8350231348.42,7873943115.98,476288232.44,6.28,6.28,定期报告,未审计,20160827,CNY,合并期末,2020-03-13T16:00:40
40,20150331,8760367928.22,8544273436.0,215944492.22,,150000.0,,,2556368078.35,579796944.52,24497.01,,,,,,,,806537815.96,,242599825.82,919920409.0,-6472977.66,,14162357.08,332169.86,,,,,,,,,,-200793.38,,,,6204332019.73,499998.0,,2815794.51,15764.6,6202016223.22,1573695806.31,,4628320416.91,,,4364901720.89,,263418696.02,-10342175.05,-10342175.05,,,,,,-10342175.05,,,,,,,,,-10342175.05,,,4617978241.86,4354559545.84,263418696.02,3.47,3.47,定期报告,未审计,20160421,CNY,合并期末,2020-03-13T16:00:40
41,20141231,32217213741.08,31573928530.94,643085210.14,,200000.0,,,10117335755.93,2338550532.33,76550.76,,,,,,,,2788994436.05,,1674733451.06,3378499544.59,-123168793.84,,59217289.1,3095265.75,,,,,,,,,,432745.88,,,,22102973250.9,6562552.18,1634897.91,227193365.75,86754481.23,21882342437.33,5612970927.5,,16269371509.83,,,15349804322.27,,919567187.56,-619043.99,-619043.99,,,,,,-619043.99,,,,,,,,,-619043.99,,,16268752465.84,15349185278.28,919567187.56,12.22,12.22,定期报告,是,20160324,CNY,合并期末,2020-03-13T16:00:40
42,20140930,22173257722.32,21718189167.61,454908554.71,,160000.0,,,6859822984.02,1593307325.68,46988.6,,,,,,,,2004308881.32,,976711335.94,2336957697.64,-95772137.58,,43869597.19,3010000.0,,,,,,,,,,393295.23,,,,15316444738.3,2509405.6,210178.0,139757580.0,5839433.68,15179196563.9,3803506856.02,,11375689707.88,,,10693329220.86,,682360487.02,,,,,,,,,,,,,,,,,,,,11375689707.88,10693329220.86,682360487.02,8.51,8.51,定期报告,未审计,20151023,CNY,合并期末,2020-03-13T16:00:40
43,20140630,14615639258.11,14321628403.09,293850855.02,,160000.0,,,4367672274.01,987543281.35,34555.95,,,,,,,,1265321917.52,,646806094.27,1492808431.34,-53889235.74,,28803934.09,3010000.0,,,,,,,,,,243295.23,,,,10250976984.1,631082.29,210178.0,28429120.03,5830794.8,10223178946.36,2558640928.77,,7664538017.59,,,7229853849.52,,434684168.07,,,,,,,,,,,,,,,,,,,,7664538017.59,7229853849.52,434684168.07,6.33,6.33,定期报告,未审计,20150828,CNY,合并期末,2020-03-13T16:00:40
44,20140331,7581739634.14,7449825750.64,131753883.5,,160000.0,,,2261820069.27,506935182.4,20753.69,,,,,,,,704741188.09,,329145907.6,730947216.88,-24123220.32,,14913649.52,,,,,,,,,,,-760608.59,,,,5319919564.87,573210.01,173418.0,8142669.92,6610493.92,5312350104.96,1359416643.96,,3952933461.0,,,3699386271.72,,253547189.28,,,,,,,,,,,,,,,,,,,,3952933461.0,3699386271.72,253547189.28,3.24,3.24,定期报告,未审计,20150421,CNY,合并期末,2020-03-13T16:00:40
45,20131231,31070596222.23,30921801316.6,148673987.03,,120918.6,,,9282061270.23,2193920307.99,90547.86,,,,,,,,2790747889.49,,1858132722.71,2834740716.0,-429074364.68,,35507483.16,3010000.0,,,,,,,,,,-2004032.3,,,,21791544952.0,32763249.14,,391947775.17,8997287.17,21432360425.97,5467460544.92,,15964899881.05,,,15136639784.35,,828260096.7,,,,,,,,,,,,,,,,,,,,15964899881.05,15136639784.35,828260096.7,13.25,13.25,定期报告,是,20150421,CNY,合并期末,2020-03-13T16:00:40
46,20130930,22002381371.16,21935713045.24,66547386.82,,120939.1,,,5992181828.32,1440864963.81,51065.94,,,,,,,,1972678618.54,,1165549963.08,1743433452.38,-343826830.68,,15248937.35,3010000.0,,,,,,,,,,-1818342.1,,,,16013209542.84,27712057.19,,373534440.38,175182.81,15667387159.65,4005211849.67,,11662175309.98,,,11070194524.15,,591980785.83,,,,,,,,,,,,,,,,,,,,11662175309.98,11070194524.15,591980785.83,9.69,9.69,定期报告,未审计,20141030,CNY,合并期末,2020-03-13T16:00:40
47,20130630,14137431736.59,14127867191.11,9563606.38,,939.1,,,3742695315.77,932566677.02,13297.15,,,,,,,,1099186549.11,,799796571.35,1151877819.89,-238790533.41,,113276.76,3010000.0,,,,,,,,,,-2068342.1,,,,10397746420.82,181985.22,,272522239.94,175182.81,10125406166.1,2504491374.79,,7620914791.31,,,7247944730.16,,372970061.15,,,,,,,,,,,,,,,,,,,,7620914791.31,7247944730.16,372970061.15,6.35,6.35,定期报告,未审计,20140829,CNY,合并期末,2020-03-13T16:00:40
48,20130331,7165785851.61,7165785851.61,,,,,,1795606131.46,481121235.64,,,,,,,,,586532904.0,,284030284.33,558440922.02,-114519214.53,,,,,,,,,,,,,,,,,5370179720.15,33313.2,,252324805.13,,5117888228.22,1344524985.23,,3773363242.99,,,3593098133.67,,180265109.32,,,,,,,,,,,,,,,,,,,,3773363242.99,3593098133.67,180265109.32,3.46,3.46,定期报告,未审计,20140425,CNY,合并期末,2020-03-13T16:00:40
49,20121231,26455335152.99,26455335152.99,,,,,,7627698585.34,2044306468.76,,,,,,,,,2572644755.42,,1224553444.02,2204190581.13,-420975922.49,,,3103250.0,,,,,,,,,,2979258.5,,,,18830739817.65,6756532.19,,137005880.68,165718.82,18700490469.16,4692039766.99,,14008450702.17,,,13308079612.88,,700371089.29,,,,,,,,,,,,,,,,,,,,14008450702.17,13308079612.88,700371089.29,12.82,12.82,定期报告,是,20140325,CNY,合并期末,2020-03-13T16:00:40
50,20120930,19931438600.48,19931438600.48,,,,,,5247248428.45,1628876041.88,,,,,,,,,1784696541.18,,842051124.48,1288134049.01,-297465187.52,,,3103250.0,,,,,,,,,,955859.42,,,,14687293422.03,4670917.43,,106707683.46,84152.4,14585256656.0,3647276882.3,,10937979773.7,,,10420059216.87,,517920556.83,,,,,,,,,,,,,,,,,,,,10937979773.7,10420059216.87,517920556.83,10.04,10.04,定期报告,未审计,20131016,CNY,合并期末,2020-03-13T16:00:40
51,20120630,13264437836.41,13264437836.41,,,,,,3467852031.95,1059645343.97,,,,,,,,,1356209475.46,,406579445.96,831662727.75,-187200820.61,,,3103250.0,,,,,,,,,,955859.42,,,,9799689054.46,2194791.12,,1707664.91,84152.4,9800176180.67,2451236642.12,,7348939538.55,,,6995721596.41,,353217942.14,,,,,,,,,,,,,,,,,,,,7348939538.55,6995721596.41,353217942.14,6.74,6.74,定期报告,未审计,20130831,CNY,合并期末,2020-03-13T16:00:40
52,20120331,6015967741.62,6015967741.62,,,,,,1843049067.42,482055429.18,,,,,,,,,808353307.8,,190131949.47,459827167.05,-97318786.08,,,93250.0,,,,,,,,,,,,,,4173011924.2,1955371.81,,38335.06,,4174928960.95,1045438170.21,,3129490790.74,,,2969215795.73,,160274995.01,,,,,,,,,,,,,,,,,,,,3129490790.74,2969215795.73,160274995.01,2.86,2.86,定期报告,未审计,20130418,CNY,合并期末,2020-03-13T16:00:40
53,20111231,18402355207.3,18402355207.3,,,,,,6069573782.22,1551233976.06,,,,,,,,,2477391798.01,,720327727.89,1673872427.75,-350751496.92,,,3383000.0,,,,,,,,,,-2500650.57,,,,12336164425.08,7181584.54,,8685535.82,,12334660473.8,3084336666.18,,9250323807.62,,,8763145910.23,,487177897.39,,,,,,,,,,,,,,,,,,,,9250323807.62,8763145910.23,487177897.39,8.44,8.44,定期报告,是,20130329,CNY,合并期末,2020-03-13T16:00:40
54,20110930,13642075480.07,13642075480.07,,,,,,4362971847.48,1155847115.68,,,,,,,,,1931440577.01,,493777287.82,1001317983.56,-217813505.32,,,3289750.0,,,,,,,,,,-1597611.27,,,,9282393382.59,4953462.93,,7792593.81,,9279554251.71,2348839939.1,,6930714312.61,,,6569084644.22,,361629668.39,,,,,,,,,,,,,,,,,,,,6930714312.61,6569084644.22,361629668.39,6.33,6.33,定期报告,未审计,20121026,CNY,合并期末,2020-03-13T16:00:40
55,20110630,9825823427.08,9825823427.08,,,,,,2939426779.37,845072449.15,,,,,,,,,1277257264.3,,324597983.18,642955797.35,-148888545.19,,,3196500.0,,,,,,,,,,-1568169.42,,,,6889593147.71,2992008.57,,5238266.28,114165.06,6887346890.0,1721040697.47,,5166306192.53,,,4907177141.53,,259129051.0,,,,,,,,,,,,,,,,,,,,5166306192.53,4907177141.53,259129051.0,4.73,4.73,定期报告,未审计,20120810,CNY,合并期末,2020-03-13T16:00:40
56,20110331,4220589097.94,4220589097.94,,,,,,1568403990.91,392063100.98,,,,,,,,,708575156.15,,167210185.33,354029240.72,-53473692.27,,,93250.0,,,,,,,,,,,,,,2652278357.03,1979084.0,,151384.31,,2654106056.72,662814727.08,,1991291329.64,,,1883994974.93,,107296354.71,,,,,,,,,,,,,,,,,,,,1991291329.64,1883994974.93,107296354.71,1.81,1.81,定期报告,未审计,20120426,CNY,合并期末,2020-03-13T16:00:40
57,20101231,11633283740.18,11633283740.18,,,,,,4472846560.68,1052931591.61,,,,,,,,,1577013104.9,,676531662.09,1346014202.04,-176577024.91,,,469050.0,,,,,,,,,,-3066975.05,,,,7160906229.5,5307144.91,,3796643.04,,7162416731.37,1822655234.4,,5339761496.97,,,5051194218.26,,288567278.71,,,,,,,,,,,,,,,,,,,,5339761496.97,5051194218.26,288567278.71,4.87,4.87,定期报告,是,20120411,CNY,合并期末,2020-03-13T16:00:40
58,20100930,9327577784.12,9327577784.12,,,,,,3430445852.07,821295137.53,,,,,,,,,1409893974.93,,482572956.68,851216571.01,-137330593.52,,,375800.0,,,,,,,,,,2797805.44,,,,5897507732.05,1971014.48,,3694392.17,,5895784354.36,1484679876.53,,4411104477.83,,,4174173993.26,,236930484.57,,,,,,,,,,,,,,,,,,,,4411104477.83,4174173993.26,236930484.57,4.02,4.02,定期报告,未审计,20111018,CNY,合并期末,2020-03-13T16:00:40
59,20100630,6587266362.78,6587266362.78,,,,,,2206793433.07,569190230.53,,,,,,,,,858980338.08,,314756689.21,560864374.55,-99774773.51,,,282550.0,,,,,,,,,,2776574.21,,,,4380755479.71,398410.98,,3637581.92,,4377516308.77,1102953708.7,,3274562600.07,,,3099757305.23,,174805294.84,,,,,,,,,,,,,,,,,,,,3274562600.07,3099757305.23,174805294.84,3.28,3.28,定期报告,未审计,20110831,CNY,合并期末,2020-03-13T16:00:40
60,20100331,3039906100.41,3039906100.41,,,,,,1244335755.22,295386812.48,,,,,,,,,540768518.44,,144719684.59,309690750.83,-46248011.12,,,,,,,,,,,,,18000.0,,,,1795570345.19,10325.86,,2800000.0,,1792780671.05,448397873.24,,1344382797.81,,,1265662575.41,,78720222.4,,,,,,,,,,,,,,,,,,,,1344382797.81,1265662575.41,78720222.4,1.34,1.34,定期报告,未审计,20110423,CNY,合并期末,2020-03-13T16:00:40
61,20091231,9669999065.39,9669999065.39,,,,,,3595688001.93,950672855.27,,,,,,,,,940508549.66,,621284334.75,1217158463.04,-133636115.78,,,1209447.26,,,,,,,,,,-300085.01,,,,6075520510.72,6247977.0,,1228603.08,,6080539884.64,1527650940.64,,4552888944.0,,,4312446124.73,,240442819.27,,,,,,,,,,,,,,,,,,,,,,,4.57,4.57,定期报告,是,20110321,CNY,合并期末,2020-03-13T16:00:40
62,20090930,7807202385.78,7807202385.78,,,,,,2502215363.92,743207551.34,,,,,,,,,676193009.49,,439653539.35,733148103.43,-90429443.69,,,972122.26,,,,,,,,,,442604.0,,,,5305959144.12,494320.0,,1086603.01,,5305366861.11,1325571242.91,,3979795618.2,,,3786951421.67,,192844196.53,,,,,,,,,,,,,,,,,,,,,,,4.01,4.01,定期报告,未审计,20101029,CNY,合并期末,2020-03-13T16:00:40
63,20090630,5546006031.29,5546006031.29,,,,,,1641794409.31,531620176.32,,,,,,,,,418028504.85,,315584024.7,463903828.95,-87784729.51,,,734797.26,,,,,,,,,,442604.0,,,,3904946419.24,1861620.0,,1008880.69,,3905799158.55,976956902.3,,2928842256.25,,,2790276484.1,,138565772.15,,,,,,,,,,,,,,,,,,,,,,,2.96,2.96,定期报告,未审计,20100812,CNY,合并期末,2020-03-13T16:00:40
64,20090331,2512537167.2,2512537167.2,,,,,,808026701.87,251448334.92,,,,,,,,,234708691.39,,180649086.71,222527985.93,-81307397.08,,,301075.0,,,,,,,,,,,,,,1704811540.33,1231620.0,,1000000.0,,1705043160.33,426202592.51,,1278840567.82,,,1217009471.66,,61831096.16,,,,,,,,,,,,,,,,,,,,1278840567.82,1217009471.66,61831096.16,1.29,1.29,定期报告,未审计,20100426,CNY,合并期末,2020-03-13T16:00:40
65,20081231,8241685564.11,8241685564.11,,,,,,2852622959.08,799713319.24,,,,,,,,,681761604.71,,532024659.8,941174062.44,-102500765.33,,,1322250.0,,,,,,,,,,450078.22,,,,5390384855.03,6282035.79,,11366252.66,,5385300638.16,1384541295.05,,4000759343.11,,,3799480558.51,,201278784.6,,,,,,,,,,,,,,,,,,,,,,,4.03,4.03,定期报告,是,20100402,CNY,合并期末,2020-03-13T16:00:40
66,20080930,6486517281.01,6486517281.01,,,,,,2076192706.61,614940094.35,,,,,,,,,533718466.76,,455051645.89,536075599.36,-62182025.01,,,1021175.0,,,,,,,,,,-1411074.74,,,,4411345749.4,2381385.59,,9836215.39,,4403890919.6,1099692138.6,,3304198781.0,,,3144758854.4,,159439926.6,,,,,,,,,,,,,,,,,,,,,,,3.33,3.33,定期报告,未审计,20091024,CNY,合并期末,2020-03-13T16:00:40
67,20080630,4619717309.6,4619717309.6,,,,,,1476314722.5,442054720.19,,,,,,,,,370471947.34,,341612858.3,369708813.52,-46122542.11,,,720100.0,,,,,,,,,,-1411074.74,,,,3144122687.1,1164514.59,,9762890.2,,3135524311.49,783585037.86,,2351939273.63,,,2239561076.0,,112378197.63,,,,,,,,,,,,,,,,,,,,,,,2.37,2.37,定期报告,未审计,20090807,CNY,合并期末,2020-03-13T16:00:40
68,20080331,1993496395.46,1993496395.46,,,,,,771928092.57,200810712.08,,,,,,,,,198645627.71,,243703730.18,168448490.52,-39680467.92,,,419025.0,,,,,,,,,,,,,,1221987327.89,570450.0,,,,1222557777.89,305509033.3,,917048744.59,,,873354083.28,,43694661.31,,,,,,,,,,,,,,,,,,,,,,,0.93,0.93,定期报告,未审计,20090421,CNY,合并期末,2020-03-13T16:00:40
69,20071231,7237430747.12,7237430747.12,,,,,,2713904695.32,871643568.33,,,,,,,,,604078928.41,,560385186.98,723155575.2,-44743824.95,,,1814950.0,,,,,,,,,,-614738.65,,,,4525341001.8,2917186.44,,6233172.31,,4522025015.93,1555972506.98,,2966052508.95,,,2830831594.36,,135220914.59,,,,,,,,,,,,,,,,,,,,,,,3.0,3.0,定期报告,是,20090325,CNY,合并期末,2020-03-13T16:00:40
70,20070930,4458382249.26,4458382249.26,,,,,,1953519114.49,662636478.87,,,,,,,,,412234460.65,,439695589.05,475793089.54,-38158017.71,,,859950.0,,,,,,,,,,1317514.09,,,,2505723084.77,2650052.83,,326370.88,,2508046766.72,838824810.54,,1669221956.18,,,1590494595.65,,78727360.53,,,,,,,,,,,,,,,,,,,,,,,1.69,1.69,定期报告,未审计,20081027,CNY,合并期末,2020-03-13T16:00:40
71,20070630,2629088876.42,2629088876.42,,,,,,1271054831.25,389216762.31,,,,,,,,,291887086.48,,343733134.57,277866482.92,-32966149.12,,,859950.0,,,,,,,,,,1317514.09,,,,1358893995.17,2337708.18,,171352.52,,1361060350.83,467112109.42,,893948241.41,,,849723688.96,,44224552.45,,,,,,,,,,,,,,,,,,,,,,,0.9,0.9,定期报告,未审计,20080828,CNY,合并期末,2020-03-13T16:00:40
72,20070331,1587538095.68,1587538095.68,,,,,,714477088.75,237704974.13,,,,,,,,,191506723.52,,212477800.29,99539514.05,-26751923.24,,,,,,,,,,,,,,,,,873061006.93,1118127.89,,10726.5,,874168408.32,312727702.22,,561440706.1,,,536077463.36,,25363242.74,,,,,,,,,,,,,,,,,,,,,,,0.57,,定期报告,未审计,20080422,CNY,合并期末,2020-03-13T16:00:40
73,20061231,4903375765.41,4903375765.41,,,,,,2418028449.44,786540172.92,,,,,,,,,574890772.15,,584906379.04,495951616.18,-25310578.8,,,1769450.0,,,,,,,,426510.55,,1050087.95,,395915.81,,2487116765.97,1149619.55,,200533.55,,2488065851.97,871690651.9,,1616375200.07,,,1544812417.93,,71562782.14,,,,,,,,,,,,,,,,,,,,,,,1.64,1.64,定期报告,是,20080313,CNY,合并期末,2020-03-13T16:00:40
74,20060930,3252383811.75,3252383811.75,,,,,,1564133455.24,535033570.92,,,,,,,,,422214883.33,,362145988.47,259238528.1,-14499515.58,,,144435.36,,,,,,,,56235.55,,,,371691.17,,1688250356.51,1060944.1,,51074.5,,1689260226.11,632659093.46,,1056601132.65,,,1009007285.32,,47593847.33,,,,,,,,,,,,,,,,,,,,,,,1.07,1.07,定期报告,未审计,20071023,CNY,合并期末,2020-03-13T16:00:40
75,20060630,2013492528.06,2013492528.06,,,,,,1055317462.67,334848539.86,,,,,,,,,298058315.82,,272396904.8,156732294.49,-6718592.3,,,144435.36,,,,,,,,56235.55,,,,4587.32,,958175065.39,915620.1,,1074.5,,959089610.99,355971711.07,,603117899.92,,,574069211.31,,29048688.61,,,,,,,,,,,,,,,,,,,,,,,0.61,0.61,定期报告,未审计,20070817,CNY,合并期末,2020-03-13T16:00:40
76,20060331,1353005869.77,1353005869.77,,,,,,682652572.22,224939651.09,,,,,,,,,178364116.21,,199194965.27,82982478.2,-2828638.55,,,,,,,,,,,,,,,2005.7,,670353297.55,328675.0,,1074.5,,670680898.05,219264678.11,,451416219.94,,,432449600.74,,18966619.2,,,,,,,,,,,,,,,,,,,,,,,0.92,,定期报告,未审计,20070428,CNY,合并期末,2020-03-13T16:00:40
77,20051231,3930564202.57,3930515237.61,,,,,,2011711744.99,687106816.68,,,,,,,,,530245028.46,,475939394.33,350685099.47,-32264593.95,,,427953.6,,,,,,,,,,,,48964.96,,1919280411.18,1762887.9,,796935.44,,1920246363.64,751124237.93,,1169122125.71,,,1118541629.37,,50580496.34,,,,,,,,,,,,,,,,,,,,,,,,,定期报告,是,20070403,CNY,合并期末,2020-03-13T16:00:40
78,20050930,2580364529.21,2580318873.25,,,,,,1430921127.71,450496529.88,,,,,,,,,406925341.76,,371220561.92,216504598.13,-14225903.98,,,23718.23,,,,,,,,,,,,45655.96,,1149467119.73,1313389.2,,350.0,,1150780158.93,416147739.11,,734632419.82,,,702485675.25,,32146744.57,,,,,,,,,,,,,,,,,,,,,,,,,定期报告,未审计,20061025,CNY,合并期末,2020-03-13T16:00:40
79,20050630,1686177749.0,1686144341.91,,,,,,930599121.28,294128874.1,,,,,,,,,265598185.92,,236478908.59,142501033.12,-8107880.45,,,23718.23,,,,,,,,,,,,33407.09,,755602345.95,1198053.82,,350.0,,756800049.77,254095014.83,,502705034.94,,,480786925.85,,21918109.09,,,,,,,,,,,,,,,,,,,,,,,,,定期报告,未审计,20060823,CNY,合并期末,2020-03-13T16:00:40
80,20050331,1144018545.84,1144017320.62,,,,,,586333588.5,196715027.49,,,,,,,,,165915935.7,,153658444.72,73791104.61,-3746924.02,,,-187658.6,,,,,,,,,,,,1225.22,,557497298.74,11500.0,,,,557508798.74,173567381.48,,383941417.26,,,369139390.74,,14802026.52,,,,,,,,,,,,,,,,,,,,,,,,,定期报告,未审计,20060422,CNY,合并期末,2020-03-13T16:00:40
81,20041231,3009795402.34,3009793519.92,,,,,,1522003410.22,535056248.95,,,,,,,,,324855608.17,,376522300.75,311563047.89,-25993795.54,,,315063.71,,,,,,,,,,,,1882.42,,1488107055.83,3601893.97,,1036434.99,,1490672514.81,636500339.35,,854172175.46,,,820553997.19,,33618178.27,,,,,,,,,,,,,,,,,,,,,,,,,定期报告,是,20060405,CNY,合并期末,2020-03-13T16:00:40
82,20040930,2070521111.48,2070438172.65,,,,,,1194828205.06,367934435.61,,,,,,,,,320394935.07,,338181343.53,190624537.23,-22307046.38,,,,,,,,,,,,,,,82938.83,,875692906.42,213199.97,,52400.0,,875853706.39,337778231.51,,538075474.88,,,515569148.98,,22506325.9,,,,,,,,,,,,,,,,,,,,,,,,,定期报告,未审计,20051025,CNY,合并期末,2020-03-13T16:00:40
83,20040630,1314118558.09,1314109209.06,,,,,,744429218.27,229941422.72,,,,,,,,,198084137.61,,199936560.31,126425959.6,-9958861.97,,,,,,,,,,,,,,,9349.03,,569689339.82,35584.97,,2400.0,,569722524.79,205660460.36,,364062064.43,,,349084192.5,,14977871.93,,,,,,,,,,,,,,,,,,,,,,,,,定期报告,未审计,20050817,CNY,合并期末,2020-03-13T16:00:40
84,20040331,853431905.86,853431905.86,,,,,,452275167.65,151243768.25,,,,,,,,,119817149.3,,139760649.14,48201023.19,-6747422.23,,,,,,,,,,,,,,,,,401156738.21,14874.97,,1400.0,,401170213.18,129839421.97,,271330791.21,,,261503821.72,,9826969.49,,,,,,,,,,,,,,,,,,,,,,,,,定期报告,未审计,20050423,CNY,合并期末,2020-03-13T16:00:40
85,20031231,2402101953.86,2401017934.93,,,,,,1426663549.62,477388129.86,,,,,,,,,308189009.56,,365256375.5,291880260.69,-16050225.99,,,,,,,,,,,601388.0,,,,1084018.93,,976039792.24,1392334.71,,137513.69,,977294613.26,368541117.2,,608753496.06,,,586747838.27,,22005657.79,,,,,,,,,,,,,,,,,,,,,,,,,定期报告,是,20050423,CNY,合并期末,2020-03-13T16:00:40
86,20030930,1554532689.35,1552744360.1,,,,,,959777511.92,302733307.68,,,,,,,,,268206392.63,,247758788.18,153324035.58,-12245012.15,,,,,,,,,,,601388.0,,,,1788329.25,,595356565.43,1064414.71,,131823.36,,596289156.78,226477466.31,,369811690.47,,,354499724.25,,15311966.22,,,,,,,,,,,,,,,,,,,,,,,,,定期报告,未审计,20041020,CNY,合并期末,2020-03-13T16:00:40
87,20030630,1010782352.89,1009047565.48,,,,,,600118358.62,196938828.79,,,,,,,,,161846133.85,,148471350.83,97233132.64,-4371087.49,,,,,,,,,,,,,,,1734787.41,,410663994.27,582293.08,,9905.66,,411236381.69,148750335.91,,262486045.78,,,252520818.55,,9965227.23,,,,,,,,,,,,,,,,,,,,,,,,,定期报告,未审计,20040728,CNY,合并期末,2020-03-13T16:00:40
88,20030331,735224645.92,733889255.89,,,,,,393885303.59,136080903.15,,,,,,,,,121107780.34,,99955921.62,38951847.95,-2211149.47,,,,,,,,,,,,,,,1335390.03,,341339342.33,111556.08,,8355.66,,341442542.75,116318861.01,,225123681.74,,,217609019.5,,7514662.24,,,,,,,,,,,,,,,,,,,,,,,,,定期报告,未审计,20040429,CNY,合并期末,2020-03-13T16:00:40
89,20021231,1838129976.34,1834898294.9,,,,,,1189922692.06,340556444.79,,,,,,,,,320110065.32,,308176458.6,238541225.22,-17461501.87,,,,,,,,,,,117934.0,,,,3231681.44,,648325218.28,137822.0,,10611.88,,648452428.4,256481479.52,,391970948.88,,,376183499.47,,15787449.41,,,,,,,,,,,,,,,,,,,,,,,,,定期报告,是,20040326,CNY,合并期末,2020-03-13T16:00:40
90,20020930,1366363003.04,1363886224.32,,,,,,838206793.95,230795750.63,,,,,,,,,228116802.27,,240365513.08,154188146.5,-15259418.53,,,,,,,,,,,117934.0,,,,2476778.72,,528274143.09,68602.0,,10611.88,,528332133.21,208225146.55,,320106986.66,,,309250570.0,,10856416.66,,,,,,,,,,,,,,,,,,,,,,,,,定期报告,未审计,20031030,CNY,合并期末,2020-03-13T16:00:40
91,20020630,956401891.61,955654212.62,,,,,,554560479.53,158368542.33,,,,,,,,,160878207.99,,167320806.24,79903159.85,-11910236.88,,,,,,,,,,,,,,,747678.99,,401841412.08,55202.0,,10611.88,,401886002.2,155530625.23,,246355376.97,,,238275978.99,,8079397.98,,,,,,,,,,,,,,,,,,,,,,,,,定期报告,未审计,20030730,CNY,合并期末,2020-03-13T16:00:40
92,20020331,718793418.69,718014858.53,,,,,,380838519.86,115551849.97,,,,,,,,,124848157.48,,103935965.36,39164507.24,-2661960.19,,,,,,,,,,,,,,,778560.16,,337954898.83,50170.0,,211.88,,338004856.95,124206524.16,,213798332.79,,,206448262.49,,7350070.3,,,,,,,,,,,,,,,,,,,,,,,,,其他,未审计,20020429,CNY,合并期末,2020-03-13T16:00:40
93,20011231,1619202408.97,1618046660.31,,,,,,1009060743.06,287538468.11,,,,,,,,,317884849.44,,228319500.78,181060278.22,-5742353.49,,,,,,,,,,,68667.0,,,,1155748.66,,610210332.91,72208.04,,3004334.7,,607278206.25,264912397.48,,342365808.77,,,328290723.14,,14075085.63,,,,,,,,,,,,,,,,,,,,,,,,,定期报告,是,20030326,CNY,合并期末,2020-03-13T16:00:40
94,20010630,874826253.68,873863478.94,,,,,,354789488.14,,,,,,,,,,161749763.7,,117289100.21,74414401.61,1336222.62,,,,,,,,,,,,,,,962774.74,,372992190.21,,,,,372992190.21,142925129.06,,223407942.67,,,223407942.67,,,,,,,,,,,,,,,,,,,,,,,,,,,其他,是,20010822,CNY,合并期末,2020-03-13T16:00:40
95,20001231,1113019554.91,1114000813.26,,,,,,667263204.64,196863443.99,,,,,,,,,199224062.88,,134826000.83,129669631.27,6680065.67,,,,,,,,,,,31789.0,,,,-981258.35,,445788139.27,17635.96,,960375.1,,444845400.13,189560588.75,,255284811.38,,,249558877.77,,5725933.61,,,,,,,,,,,,,,,,,,,,,,,,,其他,是,20020417,CNY,合并期末,2020-03-13T16:00:40
96,19991231,891237329.51,890858185.64,,,,,,537589581.33,129133236.27,,,,,,,,,172867651.11,,101900556.98,122410821.54,11277315.43,,,,,,,,,,,,,,,379143.87,,353647748.18,1500.0,,56614.31,,353592633.87,137902505.22,,215690128.65,,,215690128.65,,,,,,,,,,,,,,,,,,,,,,,,,,,其他,是,20010726,CNY,合并期末,2020-03-13T16:00:40
97,19981231,629217329.19,628184433.19,,,,,,410251605.47,76725369.98,,,,,,,,,119074532.43,,56426807.15,116104124.14,41920771.77,,,,,,,,,,,,,,,1032896.0,,218965723.72,,,,,218965723.72,72074304.11,,146891419.61,,,146891419.61,,,,,,,,,,,,,,,,,,,,,,,,,,,其他,是,19981231,CNY,合并期末,2020-03-13T16:00:40
